"","Departamento","Municipio","Código.Dane","Año","E3A","K3A","F3A","L3A","N3A","O3A","P3A","M3A","Q3A","R3A","S3A","I3B","J3B","O3B"
"1","Cauca","Buenos Aires","19110","2010",0,2,2,"0",0,0,0,0,0,0,0,0,0,0.0342465753424658
"2","Cauca","Caloto","19142","2010",0,0,0,"0",0,0,0,0,0,0,0,0,0,0.0600158982511924
"3","Cauca","Corinto","19212","2010",0,0,0,"0",0,0,0,0,0,0,0,0,0,0.0868347338935574
"4","Cauca","Jambaló","19364","2010",0,2,0,"0",0,0,0,0,0,0,0,0,0,0.0113636363636364
"5","Cauca","Miranda","19455","2010",0,0,0,"0",0,0,0,0,0,0,0,0,0,0.0651041666666667
"6","Cauca","Suárez","19780","2010",1,0,5,"0",0,0,0,0,0,0,0,0,0,0.0608465608465608
"7","Cauca","Toribío","19821","2010",0,0,0,"0",0,0,0,0,0,0,0,0,0,0.03125
"8","Córdoba","Montelíbano","23466","2010",835,650.75,10,"0",0,2.16,0,35.72,366.58,91.03,1.17,0,0,0.0559418457648546
"9","Córdoba","Puerto Libertador","23580","2010",579,1806.26,10,"0",0,0.8,0,20.8,272.54,50.72,0,0,0,0.0294117647058824
"10","Córdoba","San José de Uré","23682","2010",0,0,0,"0",0,0,0,24.75,60.54,28.17,4.14,0,0,0
"11","Córdoba","Tierralta","23807","2010",2474,358.36,10,"0",1242.2,270.77,0,818.52,1024.4,279.46,15.12,0,0,0.00568181818181818
"12","Córdoba","Valencia","23855","2010",1,0,7,"0",1.17,0,0,0,0,1.17,0,0,0,0
"13","Meta","El Castillo","50251","2010",0,1.5,0,"0",0,0,0,0,0,0,0,0,0,0.0303738317757009
"14","Meta","Mapiripán","50325","2010",1144,1005.54,10,"0",0,30.98,0,0,854.47,93.85,16.64,0,0,0.0714285714285714
"15","Meta","Mesetas","50330","2010",7,1.5,10,"0",0,0,0,0,2.64,1.26,3.15,0,0,0.025830258302583
"16","Meta","La Macarena","50350","2010",186,2,10,"0",0,0.45,0,109.35,123.45,19.2,5.46,0,0,0.0503246753246753
"17","Meta","Uribe","50370","2010",36,0,10,"0",0,0,0,0,9.36,13.86,14.22,0,0,0.0285087719298246
"18","Antioquia","Anorí","05040","2010",526,85.84,10,"0",0,0,28.14,0,219.57,72.45,138.51,0,0,0.14247311827957
"19","Meta","Lejanías","50400","2010",0,0,0,"0",0,0,0,0,0,0,0,0,0,0.056
"20","Meta","Puerto Concordia","50450","2010",76,0,10,"0",0,0,0,15.69,41.29,13.68,8.73,0,0,0
"21","Meta","Puerto Gaitán","50568","2010",181,8,10,"0",0,115.39,0,0,144.08,48,27.65,0,0,0.0597269624573379
"22","Meta","Puerto López","50573","2010",0,0,1,"0",0,0,0,0,0,0,0,0,0,0.0388631090487239
"23","Meta","Puerto Lleras","50577","2010",13,16.36,10,"0",0,0,0,0,6.7,0.64,3.88,0,0,0.0558823529411765
"24","Meta","Puerto Rico","50590","2010",757,0,10,"0",0,0,0,357.26,531.18,106.33,3.13,0,0,0.0441988950276243
"25","Meta","San Juan de Arama","50683","2010",87,5,10,"0",0,0,0,72.1,26.22,60.15,0.77,0,0,0.0869565217391304
"26","Meta","San Martín","50689","2010",0,37.78,6,"0",0,0,0,0,14.4,0,0,0,0,0.0761455525606469
"27","Meta","Vistahermosa","50711","2010",521,91.24,10,"0",0,0,0,148.23,409.49,53.78,8.2,0,0,0.0286396181384248
"28","Antioquia","Briceño","05107","2010",94,214.93,10,"0",0,0,0,0,35.46,2.79,45.09,0,0,0.3125
"29","Antioquia","Cáceres","05120","2010",1056,1770.53,10,"0",0,10.29,0,0,481.87,324.45,78.21,0,0,0.101890756302521
"30","Antioquia","Caucasia","05154","2010",0,2,8,"0",0,0,0,0,0,0,0,0,0,0.147772474144789
"31","Antioquia","El Bragre","05250","2010",1110,6,10,"0",718.31,0.36,15.77,0,789.21,100.01,1.08,0,0,0.125423728813559
"32","Nariño","Tumaco","52835","2010",5464,15265.07,10,"0",2611.21,1042.51,2612.68,31.12,4484.96,686.17,72.18,0,0,0.0454808806488992
"33","Antioquia","Ituango","05361","2010",16,6,10,"0",10.35,4.14,0,43.37,100.67,105.66,87.84,0,0,0.0719814241486068
"34","Norte de Santander","Convención","54206","2010",68,16,10,"0",56.43,16.02,0,48.69,53.73,20.7,4.14,0,0,0.232014388489209
"35","Norte de Santander","El Cármen","54245","2010",86,1.5,9,"0",88.47,7.92,0,25.47,42.21,44.55,11.07,0,0,0.0491071428571429
"36","Norte de Santander","El Tarra","54250","2010",217,84.51,10,"0",135.63,3.06,0,3.06,103.68,51.48,1.17,0,0,0.116228070175439
"37","Norte de Santander","Hacarí","54344","2010",1,0,7,"0",0,0,0,0,0,0,0.81,0,0,0.1015625
"38","Norte de Santander","Ocaña","54498","2010",0,0,0,"0",0,0,0,0,0,0,0,0,0,0.143244873341375
"39","Norte de Santander","San Calixto","54670","2010",0,0.8,9,"0",0.72,0,0,0,2.07,0.99,0,0,0,0.0284090909090909
"40","Norte de Santander","Sardinata","54720","2010",193,25.4,10,"0",0,0,0,0,98.13,24.39,1.26,0,0,0.16044776119403
"41","Norte de Santander","Teorama","54800","2010",271,468.18,10,"0",160.83,25.67,0,44.93,163.62,30.6,1.71,0,0,0.0465686274509804
"42","Norte de Santander","Tibú","54810","2010",943,846.77,10,"0",0,0,0,18.7,548.98,177.48,2.52,0,0,0.109936575052854
"43","Antioquia","Nechí","05495","2010",119,1,10,"0",49.19,0,0,0,102.34,8.01,0.54,0,0,0.0814606741573034
"44","Antioquia","Tarazá","05790","2010",986,1528.99,10,"0",0,0.81,0,0,314.23,196.1,102.24,0,0,0.103110599078341
"45","Antioquia","Valdivia","05854","2010",134,213.42,10,"0",0,0,0,0,109.61,28.98,5.58,0,0,0.22463768115942
"46","Antioquia","Zaragoza","05895","2010",384,0,10,"0",168.71,9.2,17.09,0,317.44,78.93,14.13,0,0,0.0652173913043478
"47","Cauca","Buenos Aires","19110","2011",0,0,2,"0",0,0,0,0,0,0,0,0,0,0.028735632183908
"48","Cauca","Caloto","19142","2011",0,0,0,"0",0,0,0,0,0,0,0,0,0,0.049609375
"49","Cauca","Corinto","19212","2011",0,0,0,"0",0,0,0,0,0,0,0,0,0,0.113372093023256
"50","Cauca","Jambaló","19364","2011",0,0,0,"0",0,0,0,0,0,0,0,0,0,0.0576923076923077
"51","Cauca","Miranda","19455","2011",0,0,0,"0",0,0,0,0,0,0,0,0,0,0.11046511627907
"52","Cauca","Suárez","19780","2011",0,0,4,"0",0,0,0,0,0,0,0,0,0,0.0732484076433121
"53","Cauca","Toribío","19821","2011",0,0,0,"0",0,0,0,0,0,0,0,0,0,0
"54","Córdoba","Montelíbano","23466","2011",240,138.58,10,"0",0,6.4417,0,13.8181,211.8146,34.5153,2.2921,0,0,0.0472154963680387
"55","Córdoba","Puerto Libertador","23580","2011",243,659.96,10,"0",0,2.2842,0,3.271,66.4717,21.522,8.0568,0,0,0.0316666666666667
"56","Córdoba","San José de Uré","23682","2011",0,0,0,"0",0,0,0,41.8389,105.6262,126.4652,0,0,0,0.0277777777777778
"57","Córdoba","Tierralta","23807","2011",604,630.04,10,"0",506.0444,200.5063,0,399.6292,390.0412,126.7575,12.6585,0,0,0.0634236453201971
"58","Córdoba","Valencia","23855","2011",1,0,8,"0",0.6021,0,0,0,0,0,0.6021,0,0,0.0263157894736842
"59","Meta","El Castillo","50251","2011",0,7,0,"0",0,0,0,0,0,0,0,0,0,0.0528846153846154
"60","Meta","Mapiripán","50325","2011",1109,566.93,10,"0",0.725,29.025,0,0,726.9776,284.6113,168.0599,0,0,0.0252100840336134
"61","Meta","Mesetas","50330","2011",0,2.52,9,"0",0,0,0,0,6.1054,0.3577,0,0,0,0.0218023255813953
"62","Meta","La Macarena","50350","2011",151,1.4,10,"0",0,0,0,102.4403,131.2653,36.845,7.415,0,0,0.0717592592592593
"63","Meta","Uribe","50370","2011",72,4,10,"0",0,0,0,0,34.5229,27.9264,1.2612,0,0,0.0160098522167488
"64","Antioquia","Anorí","05040","2011",208,10,10,"0",0,0,31.3916,0,227.0539,47.1513,0.9849,0,0,0.164502164502165
"65","Meta","Lejanías","50400","2011",0,24.04,0,"0",0,0,0,0,0,0,0,0,0,0.071875
"66","Meta","Puerto Concordia","50450","2011",91,0,10,"0",0,2.42,0,23.155,62.68,19.415,18.825,0,0,0.0381944444444444
"67","Meta","Puerto Gaitán","50568","2011",122,332.29,10,"0",0,82.2235,0,0,91.3788,36.3727,7.3867,0,0,0.0320121951219512
"68","Meta","Puerto López","50573","2011",0,0,1,"0",0,0,0,0,0,0,0,0,0,0.0416666666666667
"69","Meta","Puerto Lleras","50577","2011",20,9,10,"0",0,0,0,0,6.4639,9.5915,12.9562,0,0,0.0466101694915254
"70","Meta","Puerto Rico","50590","2011",883,107.7,10,"0",0,0,0,601.6702,636.5506,248.6203,16.1129,0,0,0.0368217054263566
"71","Meta","San Juan de Arama","50683","2011",48,2,10,"0",0,0,0,102.2207,106.742,2.7418,0,0,0,0.0941558441558442
"72","Meta","San Martín","50689","2011",19,2,7,"0",0,0,0,0,18.8432,6.9512,1.255,0,0,0.102401129943503
"73","Meta","Vistahermosa","50711","2011",524,20.28,10,"0",0,0,0,183.3399,301.497,93.6772,1.3864,0,0,0.0287433155080214
"74","Antioquia","Briceño","05107","2011",38,205.36,10,"0",0,0,0,0,34.3537,8.7992,2.6898,0,0,0.075
"75","Antioquia","Cáceres","05120","2011",453,354.7,10,"0",0,1.0749,0,0,422.3504,36.6221,0,0,0,0.151057401812689
"76","Antioquia","Caucasia","05154","2011",0,6.5,7,"0",0,0,0,0,0,0,0,0,0,0.114219712525667
"77","Antioquia","El Bragre","05250","2011",317,637.69,10,"0",343.629,0,2.0327,0,331.4481,74.9104,1.3398,0,0,0.104651162790698
"78","Nariño","Tumaco","52835","2011",5593,13542.72,10,"0",3023.076,1092.9442,3136.3728,7.8585,5762.0508,205.2043,2.6598,0,0,0.0427722772277228
"79","Antioquia","Ituango","05361","2011",82,118.46,10,"0",0,0,0,13.1652,139.224,32.1852,72.7411,0,0,0.136467889908257
"80","Norte de Santander","Convención","54206","2011",180,2,10,"0",163.6123,27.386,0,76.8282,81.0347,91.112,32.3125,0,0,0.126785714285714
"81","Norte de Santander","El Cármen","54245","2011",212,10,9,"0",241.2796,15.837,0,77.1597,59.125,144.5219,57.4186,0,0,0.0373134328358209
"82","Norte de Santander","El Tarra","54250","2011",410,0,10,"0",430.1351,0,0,0,157.1741,231.4622,69.4764,0,0,0.0641592920353982
"83","Norte de Santander","Hacarí","54344","2011",48,0,7,"0",0,0,0,0,0,0,48.4788,0,0,0.0277777777777778
"84","Norte de Santander","Ocaña","54498","2011",0,0,0,"0",0,0,0,0,0,0,0,0,0,0.109885386819484
"85","Norte de Santander","San Calixto","54670","2011",66,0,9,"0",35.2874,0,0,0,0.7112,6.3923,46.6296,0,0,0.0511363636363636
"86","Norte de Santander","Sardinata","54720","2011",1125,236.11,10,"0",0,0,0,0,295.1238,350.6539,146.1361,0,0,0.0893854748603352
"87","Norte de Santander","Teorama","54800","2011",298,14.01,10,"0",312.0808,25.6503,0,44.2816,175.629,87.8151,88.2566,0,0,0.0188679245283019
"88","Norte de Santander","Tibú","54810","2011",772,53.43,10,"0",0,0,0,4.916,630.9882,418.6133,15.3566,0,0,0.0589430894308943
"89","Antioquia","Nechí","05495","2011",210,253.77,10,"0",66.1993,0,0,0,81.3185,74.3771,7.4598,0,0,0.0892857142857143
"90","Antioquia","Tarazá","05790","2011",635,371.29,10,"0",0,0,0,0,420.7696,157.7618,11.6888,0,0,0.113192182410423
"91","Antioquia","Valdivia","05854","2011",199,174.2,10,"0",0,0,0,0,165.1944,97.4934,19.959,0,0,0.188405797101449
"92","Antioquia","Zaragoza","05895","2011",49,0,10,"0",46.4441,0.4549,2.6354,0,91.8592,23.7142,0,0,0,0.137731481481481
"93","Cauca","Buenos Aires","19110","2012",0,0,2,"0",0,0,0,0,0,0,0,58743.8399402142,0,0.0523809523809524
"94","Cauca","Caloto","19142","2012",0,0,0,"0",0,0,0,0,0,0,0,206828.229449354,0,0.0592900302114804
"95","Cauca","Corinto","19212","2012",0,0,0,"0",0,0,0,0,0,0,0,16927.378755181,0,0.0948795180722892
"96","Cauca","Jambaló","19364","2012",0,0,0,"0",0,0,0,0,0,0,0,39390.3692649336,0,0.0102040816326531
"97","Cauca","Miranda","19455","2012",0,0,0,"0",0,0,0,0,0,0,0,111555.26414905,0,0.137228260869565
"98","Cauca","Suárez","19780","2012",0,0,4,"0",0,0,0,0,0,0,0,41915.4568555203,0,0.103030303030303
"99","Cauca","Toribío","19821","2012",0,0,0,"0",0,0,0,0,0,0,0,31632.9744858055,0,0
"100","Córdoba","Montelíbano","23466","2012",224,3094.14,10,"0",0,0.3866,0,11.6415,100.1447,86.8652,40.6719,90942.1763935639,0,0.0493090452261307
"101","Córdoba","Puerto Libertador","23580","2012",214,485.17,10,"0",0,2.8372,0,16.6458,58.7385,106.7489,42.6541,50519.3726798219,0,0.0590909090909091
"102","Córdoba","San José de Uré","23682","2012",99,0,1,"0",0,0,0,27.3066,53.242,44.0941,3.4544,55826.3237331289,0,0.0576923076923077
"103","Córdoba","Tierralta","23807","2012",509,935.48,10,"0",480.5283,142.3406,0,328.186,285.7018,204.3299,26.0824,6483.73090323701,0,0.0222960151802657
"104","Córdoba","Valencia","23855","2012",0,0,8,"0",1.4816,0,0,0,0,0.7976,0.684,4745.5140031696,0,0
"105","Meta","El Castillo","50251","2012",0,2.52,0,"0",0,0,0,0,0,0,0,50642.8377466481,0,0.0397727272727273
"106","Meta","Mapiripán","50325","2012",144,101.82,10,"0",0.0902,14.1498,0,0,116.8362,23.453,4.3287,20000.9669114275,0,0.0243055555555556
"107","Meta","Mesetas","50330","2012",29,88.75,9,"0",0,0,0,0,0,0,28.796,80523.4070221025,0,0.0602409638554217
"108","Meta","La Macarena","50350","2012",228,130.3,10,"0",0,0,0,170.7115,151.2662,34.1746,41.7371,35025.6539656468,0,0.113805970149254
"109","Meta","Uribe","50370","2012",110,17.5,10,"0",0,0,0,2.7794,77.7018,29.7355,2.7794,154469.185810829,0,0.0873015873015873
"110","Antioquia","Anorí","05040","2012",361,0,10,"0",0,0,17.1662,3.9852,138.673,150.1405,98.0954,62315.1793201828,0,0.127705627705628
"111","Meta","Lejanías","50400","2012",0,6.53,0,"0",0,0,0,0,0,0,0,24730.9080620464,0,0.101415094339623
"112","Meta","Puerto Concordia","50450","2012",70,71.98,10,"0",0,0,0,20.1512,67.3311,5.2075,2.7814,79229.0314185293,0,0.0386178861788618
"113","Meta","Puerto Gaitán","50568","2012",86,260.87,10,"0",0,77.7542,0,0,35.1999,27.8118,23.3302,399688.908138747,0,0.0393559928443649
"114","Meta","Puerto López","50573","2012",0,0,1,"0",0,0,0,0,0,0,0,183609.260259971,0,0.038677130044843
"115","Meta","Puerto Lleras","50577","2012",31,1.2,10,"0",0,0,0,0,8.3963,6.4899,19.3162,30318.6900806733,0,0.0993377483443709
"116","Meta","Puerto Rico","50590","2012",1064,17.6,10,"0",0,0,0,899.7929,941.6622,175.3099,3.7634,58217.1534593133,0,0.085
"117","Meta","San Juan de Arama","50683","2012",29,0,10,"0",0,0,0,26.4858,23.9884,1.9698,3.2409,106241.531966938,0,0.094551282051282
"118","Meta","San Martín","50689","2012",0,0,6,"0",0,0,0,0,0,0,0,181381.730162411,0,0.084075723830735
"119","Meta","Vistahermosa","50711","2012",908,0,10,"0",0,0,0,425.7786,547.5926,261.006,88.6358,83882.2525509897,0,0.0430161943319838
"120","Antioquia","Briceño","05107","2012",53,60.5,10,"0",0,0,0,0,9.9551,18.6708,26.2977,46553.4644472016,0,0.0661764705882353
"121","Antioquia","Cáceres","05120","2012",290,299.89,10,"0",0,12.9946,0,0,190.9505,122.7251,5.5847,11380.8186114281,0,0.102880658436214
"122","Antioquia","Caucasia","05154","2012",0,0,6,"0",0,0,0,0,0,0,0,18543.9279975336,0,0.0836755646817249
"123","Antioquia","El Bragre","05250","2012",339,81.16,10,"0",290.4157,0.925,7.2205,0,175.3153,166.5561,4.4347,23108.2828009709,0,0.0913654618473896
"124","Nariño","Tumaco","52835","2012",5065,2407.84,10,"0",2851.7331,827.7907,2648.4715,0,5089.2596,130.5812,0.5545,514.475121318117,0,0.0716086159486709
"125","Antioquia","Ituango","05361","2012",138,0,10,"0",0,1.2666,0,32.4922,72.3323,87.9354,116.1892,52581.0749275205,0,0.0872302158273381
"126","Norte de Santander","Convención","54206","2012",356,0,10,"0",304.0472,15.6514,0,38.181,167.1294,170.5657,21.0652,144355.647552374,0,0.0757978723404255
"127","Norte de Santander","El Cármen","54245","2012",222,9.04,9,"0",234.7753,14.1594,0,46.5995,138.583,122.0663,6.5181,188566.156316797,0,0.0905172413793103
"128","Norte de Santander","El Tarra","54250","2012",566,7.77,10,"0",547.2183,3.0563,0,3.0563,440.3844,178.2079,2.4532,58813.4740616864,0,0.137784090909091
"129","Norte de Santander","Hacarí","54344","2012",59,7.54,7,"0",0,0,0,0,8.1608,45.76,6.6185,13586.9808023257,0,0.0113636363636364
"130","Norte de Santander","Ocaña","54498","2012",0,6.82,0,"0",0,0,0,0,0,0,0,59438.6739003196,0,0.160445420326223
"131","Norte de Santander","San Calixto","54670","2012",134,2.42,9,"0",50.4722,0,0,0,44.8255,58.8594,16.75,39898.8415818583,0,0.0592105263157895
"132","Norte de Santander","Sardinata","54720","2012",723,289.86,10,"0",0,0,0,0,532.9562,215.026,4.4115,23120.8074299752,0,0.086322869955157
"133","Norte de Santander","Teorama","54800","2012",628,0,10,"0",574.8215,23.5789,0,58.5625,367.9952,286.8577,7.3051,121005.967490689,0,0.0405844155844156
"134","Norte de Santander","Tibú","54810","2012",1658,914.32,10,"0",0,0,0,21.7989,1177.8321,516.3935,29.6569,142483.962367882,0,0.0726002430133657
"135","Antioquia","Nechí","05495","2012",173,4.56,10,"0",108.3163,0,0,0,99.222,84.819,0,0,0,0.0868055555555556
"136","Antioquia","Tarazá","05790","2012",495,362.04,10,"0",0,6.1655,0,0,254.261,134.3801,2.7342,3244.06359839482,0,0.106115107913669
"137","Antioquia","Valdivia","05854","2012",76,106.38,10,"0",0,0,0,0,37.7461,26.3826,20.2833,8086.84396191961,0,0.133012820512821
"138","Antioquia","Zaragoza","05895","2012",252,0,10,"0",94.2366,6.7798,17.4107,0,74.1534,124.9467,65.7149,37923.3871701271,0,0.101724137931034
"139","Cauca","Buenos Aires","19110","2013",0,11.9,2,"0",0,0,0,0,0,0,0,0,0,0.0967741935483871
"140","Cauca","Caloto","19142","2013",0,3.1,0,"0",0,0,0,0,0,0,0,0,0,0.056420233463035
"141","Cauca","Corinto","19212","2013",0,0,0,"0",0,0,0,0,0,0,0,0,0,0.108160621761658
"142","Cauca","Jambaló","19364","2013",0,0,0,"0",0,0,0,0,0,0,0,0,0,0.0558823529411765
"143","Cauca","Miranda","19455","2013",0,0,0,"0",0,0,0,0,0,0,0,0,0,0.103219696969697
"144","Cauca","Suárez","19780","2013",1,4.4,5,"0",0,0,0,0,0,0.427,0.2,0,0,0.0754189944134078
"145","Cauca","Toribío","19821","2013",0,0,0,"0",0,0,0,0,0,0,0,0,0,0.01953125
"146","Córdoba","Montelíbano","23466","2013",43,38.538,10,"0",0,0,0,4.9262,29.5346,10.5275,0,0,0,0.0759762308998302
"147","Córdoba","Puerto Libertador","23580","2013",36,2.488,10,"0",0,0,0,3.2243,23.947,16.7949,0,0,0,0.0990566037735849
"148","Córdoba","San José de Uré","23682","2013",13,0,2,"0",0,0,0,7.4038,10.9973,2.6383,0,0,0,0.0258620689655172
"149","Córdoba","Tierralta","23807","2013",341,289.755,10,"0",331.0969,114.7509,0,251.687,164.3276,158.9598,27.2758,0,0,0.0820053120849934
"150","Córdoba","Valencia","23855","2013",6,39.4,8,"0",6.0197,0,0,0,0,1.4239,4.5958,0,0,0.15
"151","Meta","El Castillo","50251","2013",0,0,0,"0",0,0,0,0,0,0,0,0,0,0.0420560747663551
"152","Meta","Mapiripán","50325","2013",437,31.252,10,"0",0,26.1891,0,0,282.9685,101.3933,55.2724,0,0,0.110655737704918
"153","Meta","Mesetas","50330","2013",37,1,9,"0",0,0,0,1.7621,8.9051,21.5048,6.3984,0,0,0.1
"154","Meta","La Macarena","50350","2013",307,2,10,"0",0,0,0,269.1875,221.0663,51.8979,35.0398,0,0,0.0487012987012987
"155","Meta","Uribe","50370","2013",49,0,10,"0",0,0,0,0,44.7829,3.7397,0,0,0,0.109504132231405
"156","Antioquia","Anorí","05040","2013",107,243.423,10,"0",0,0,3.4523,0.8972,86.7816,33.2596,6.4498,0,0,0.124493927125506
"157","Meta","Lejanías","50400","2013",0,54.552,0,"0",0,0,0,0,0,0,0,0,0,0.061377245508982
"158","Meta","Puerto Concordia","50450","2013",49,6,10,"0",0,0,0,25.3545,45.3986,5.7936,0.7484,0,0,0.114035087719298
"159","Meta","Puerto Gaitán","50568","2013",7,12.868,10,"0",0,3.2444,0,0,2.1245,1.4061,2.4287,0,0,0.058641975308642
"160","Meta","Puerto López","50573","2013",0,0,0,"0",0,0,0,0,0,0,0,0,0,0.0831367924528302
"161","Meta","Puerto Lleras","50577","2013",14,2,10,"0",0,0,0,0,13.3033,1.3078,3.0654,0,0,0.0821917808219178
"162","Meta","Puerto Rico","50590","2013",1101,2,10,"0",0,0,0,995.2794,1065.1287,63.1628,5.7961,0,0,0.099112426035503
"163","Meta","San Juan de Arama","50683","2013",91,0,10,"0",0,0,0,73.686,29.8679,41.1937,20.3504,0,0,0.133720930232558
"164","Meta","San Martín","50689","2013",0,0,5,"0",0,0,0,0,0,0,0,0,0,0.129411764705882
"165","Meta","Vistahermosa","50711","2013",806,1.5,10,"0",0,0,0,446.0979,748.1435,91.1332,4.1281,0,0,0.0434451219512195
"166","Antioquia","Briceño","05107","2013",5,40.572,10,"0",0,0,0,0,3.4537,1.9717,0,0,0,0.0235849056603774
"167","Antioquia","Cáceres","05120","2013",143,881.155,10,"0",0,0,0,0,119.7638,36.0185,0.421,0,0,0.0616740088105727
"168","Antioquia","Caucasia","05154","2013",0,25,5,"0",0,0,0,0,0,0,0,0,0,0.0933706816059757
"169","Antioquia","El Bragre","05250","2013",96,0,10,"0",91.0541,0,1.0972,0,68.9529,28.3331,0,0,0,0.125801282051282
"170","Nariño","Tumaco","52835","2013",6612,3121.621,10,"0",3146.1711,1918.0091,2988.3633,4.1833,5565.1219,1076.7832,75.0077,0,0,0.082174355495251
"171","Antioquia","Ituango","05361","2013",27,18.72,10,"0",0,0.7406,0,25.0137,109.8373,45.395,2.0868,0,0,0.0625
"172","Norte de Santander","Convención","54206","2013",999,6.7,10,"0",856.0739,28.3547,0,68.5138,791.5784,214.2947,4.4837,0,0,0.059375
"173","Norte de Santander","El Cármen","54245","2013",871,12.5,9,"0",932.2282,24.5555,0,157.594,637.771,286.8576,87.3326,0,0,0.0961538461538462
"174","Norte de Santander","El Tarra","54250","2013",662,2.3,10,"0",651.5627,4.4494,0,4.4494,506.9252,207.6325,2.9986,0,0,0.132267441860465
"175","Norte de Santander","Hacarí","54344","2013",51,3,7,"0",0,0,0,0,14.1177,22.5989,17.3521,0,0,0.0357142857142857
"176","Norte de Santander","Ocaña","54498","2013",1,0,1,"0",0,0,0,0,0,0,0,0,0,0.16685878962536
"177","Norte de Santander","San Calixto","54670","2013",208,0,9,"0",83.8714,0,0,0,106.1683,88.8558,1.1648,0,0,0
"178","Norte de Santander","Sardinata","54720","2013",837,1855.711,10,"0",0,0,0,0,557.1824,317.5357,0,0,0,0.0629032258064516
"179","Norte de Santander","Teorama","54800","2013",663,20.712,10,"0",580.3436,43.3765,0,74.0287,581.1091,180.7598,0,0,0,0.079608938547486
"180","Norte de Santander","Tibú","54810","2013",1905,853.766,10,"0",0,0,0,28.9201,1451.521,516.8756,21.2173,0,0,0.103076923076923
"181","Antioquia","Nechí","05495","2013",28,7,10,"0",17.8434,0,0,0,27.5619,8.7337,0,0,0,0.053921568627451
"182","Antioquia","Tarazá","05790","2013",338,457.778,10,"0",0,5.5687,0,0,183.3499,42.7488,0.4546,0,0,0.0597949886104784
"183","Antioquia","Valdivia","05854","2013",32,323.592,10,"0",0,0,0,0,17.8673,14.9119,0,0,0,0.0868794326241135
"184","Antioquia","Zaragoza","05895","2013",12,12,10,"0",4.9792,0,0,0,16.4098,2.7067,0,0,0,0.107142857142857
"185","Cauca","Buenos Aires","19110","2014",16,7,3,"0",0,0,0,0,0,0,0,0,0,0.0961538461538462
"186","Cauca","Caloto","19142","2014",0,0,0,"0",0,0,0,0,0,0,0,0,0,0.0911949685534591
"187","Cauca","Corinto","19212","2014",0,0,0,"0",0,0,0,0,0,0,0,0,0,0.119090909090909
"188","Cauca","Jambaló","19364","2014",0,2,0,"0",0,0,0,0,0,0,0,0,0,0.03
"189","Cauca","Miranda","19455","2014",0,0,0,"0",0,0,0,0,0,0,0,0,0,0.144562334217507
"190","Cauca","Suárez","19780","2014",49,0,6,"0",0,0,0,0,2.5419,10.4471,36.3191,0,0,0.103741496598639
"191","Cauca","Toribío","19821","2014",0,0,0,"0",0,0,0,0,0,0,0,0,0,0.00431034482758621
"192","Córdoba","Montelíbano","23466","2014",77,76.2,10,"0",0,0,0,5.5984,40.3613,21.8367,18.3648,0,0,0.0741279069767442
"193","Córdoba","Puerto Libertador","23580","2014",64,9.686,10,"0",0,0,0,4.5265,48.0709,11.7479,7.4613,0,0,0.0796703296703297
"194","Córdoba","San José de Uré","23682","2014",42,0,3,"0",0,0,0,24.4972,6.5841,15.5576,20.548,0,0,0.1875
"195","Córdoba","Tierralta","23807","2014",376,68.211,10,"0",379.4876,123.6482,0,310.4438,207.293,152.7558,23.665,0,0,0.142215568862275
"196","Córdoba","Valencia","23855","2014",1,1.1,8,"0",1.572,0,0,0,1.572,0,0,0,0,0.390625
"197","Meta","El Castillo","50251","2014",0,3,0,"0",0,0,0,0,0,0,0,0,0,0.0709459459459459
"198","Meta","Mapiripán","50325","2014",180,16.5,10,"0",0.4847,12.1748,0,0,149.8274,18.7876,11.6914,0,0,0.0441176470588235
"199","Meta","Mesetas","50330","2014",79,76.39,9,"0",0,0,0,4.7304,33.8501,22.7595,26.1476,0,0,0.0589622641509434
"200","Meta","La Macarena","50350","2014",1431,73,10,"0",0,0,0,572.6749,436.7334,192.5262,780.4566,0,0,0.0379213483146067
"201","Meta","Uribe","50370","2014",182,67,10,"0",0,0,0,14.508,53.4958,40.3664,86.5517,0,0,0.097953216374269
"202","Antioquia","Anorí","05040","2014",199,50.3,10,"0",0,0,6.7975,0,139.3742,96.0746,21.9497,0,0,0.103305785123967
"203","Meta","Lejanías","50400","2014",3,3,1,"0",0,0,0,0,0,0,0,0,0,0.130952380952381
"204","Meta","Puerto Concordia","50450","2014",82,40.635,10,"0",0,0,0,30.1144,45.2175,19.8278,20.97,0,0,0.0610687022900763
"205","Meta","Puerto Gaitán","50568","2014",3,3.5,10,"0",0,2.2378,0,0,1.6035,1.1653,1.0725,0,0,0.0855817875210793
"206","Meta","Puerto López","50573","2014",0,1.5,0,"0",0,0,0,0,0,0,0,0,0,0.0918762088974855
"207","Meta","Puerto Lleras","50577","2014",8,0.5,10,"0",0,0,0,0,10.4633,0,0,0,0,0.201863354037267
"208","Meta","Puerto Rico","50590","2014",1616,23.696,10,"0",0,0,0,1418.3883,1450.2847,173.8224,42.6455,0,0,0.0813008130081301
"209","Meta","San Juan de Arama","50683","2014",121,8.65,10,"0",0,0,0,80.0312,91.8287,27.5916,2.453,0,0,0.083984375
"210","Meta","San Martín","50689","2014",0,18.16,4,"0",0,0,0,0,0,0,0,0,0,0.164705882352941
"211","Meta","Vistahermosa","50711","2014",1337,68.94,10,"0",0,0,0,716.9685,1173.1582,207.3251,14.4186,0,0,0.0837874659400545
"212","Antioquia","Briceño","05107","2014",27,67.6168,10,"0",0,0,0,0,11.5078,3.3983,16.0948,0,0,0.112745098039216
"213","Antioquia","Cáceres","05120","2014",510,216.223,10,"0",0,0.275,0,0,340.3771,184.4825,31.8175,0,0,0.0348557692307692
"214","Antioquia","Caucasia","05154","2014",0,0,4,"0",0,0,0,0,0,0,0,0,0,0.105199025182778
"215","Antioquia","El Bragre","05250","2014",21,29.9388,10,"0",19.5254,0,0,0,13.5428,9.3758,1.0253,0,0,0.0830945558739255
"216","Nariño","Tumaco","52835","2014",8963,733.324,10,"0",4260.6332,2615.4128,3501.4058,5.3606,8886.2734,158.5465,6.4965,0,0,0.0791026099392206
"217","Antioquia","Ituango","05361","2014",108,19.6432,10,"0",0,4.3982,0,28.6853,178.0402,95.0715,59.9333,0,0,0.141304347826087
"218","Norte de Santander","Convención","54206","2014",553,5,10,"0",492.2169,10.488,0,57.652,547.6396,35.3512,0,0,0,0.0892857142857143
"219","Norte de Santander","El Cármen","54245","2014",436,12.5,9,"0",466.8199,16.2415,0,76.0706,481.5822,45.164,0,0,0,0.0677083333333333
"220","Norte de Santander","El Tarra","54250","2014",809,2,10,"0",742.4931,0.2806,0,0.2806,710.5561,186.4028,0,0,0,0.0925196850393701
"221","Norte de Santander","Hacarí","54344","2014",103,5,7,"0",0,0,0,0,53.3017,57.6769,0,0,0,0.0686274509803922
"222","Norte de Santander","Ocaña","54498","2014",4,53.0248,2,"0",0,0,0,0,0,0,3.7891,0,0,0.13821557503868
"223","Norte de Santander","San Calixto","54670","2014",181,0,9,"0",83.2807,0,0,0,118.4221,57.728,0.4933,0,0,0.0192307692307692
"224","Norte de Santander","Sardinata","54720","2014",1078,246.574,10,"0",0,0,0,0,841.7647,282.691,5.4702,0,0,0.0728291316526611
"225","Norte de Santander","Teorama","54800","2014",680,0,10,"0",627.1432,40.1178,0,73.9413,631.4092,135.2224,0.4858,0,0,0.0230496453900709
"226","Norte de Santander","Tibú","54810","2014",2997,20.95,10,"0",0,0,0,22.2924,2492.4815,605.4176,5.2142,0,0,0.0627463863337714
"227","Antioquia","Nechí","05495","2014",39,405.3896,10,"0",25.5115,0,0,0,20.1763,23.0417,2.3622,0,0,0.0262237762237762
"228","Antioquia","Tarazá","05790","2014",842,173.941,10,"0",0,6.512,0,0,374.1114,229.7152,50.1165,0,0,0.0897626112759644
"229","Antioquia","Valdivia","05854","2014",298,24.4972,10,"0",0,0,0,0,92.132,179.6918,47.9257,0,0,0.0934210526315789
"230","Antioquia","Zaragoza","05895","2014",24,7,10,"0",0.0176,0.997,0,0,34.8684,4.155,6.2102,0,0,0.143312101910828
"231","Cauca","Buenos Aires","19110","2015",27,0,4,"0",0,0,0,0,9.0349796003776,12.054319775728,6.92153941765,0,0,0.0682730923694779
"232","Cauca","Caloto","19142","2015",16.1,0,1,"0",0,1.3645908777251,0,0,0,0,0,0,0,0.070254110612855
"233","Cauca","Corinto","19212","2015",26.7,0,1,"0",10.1511737364026,1.720363636359,0,0,0,0,0,0,0,0.12531328320802
"234","Cauca","Jambaló","19364","2015",0,0,0,"0",0,0,0,0,0,0,0,0,0,0.0303030303030303
"235","Cauca","Miranda","19455","2015",3.67,0,1,"0",2.2629354654538,0,0,0,0,0,0,0,0,0.111189801699717
"236","Cauca","Suárez","19780","2015",139.65,7.7,7,"0",0,0,0,0,119.400187357625,35.8945351919567,3.656338762433,0,0,0.0956375838926175
"237","Cauca","Toribío","19821","2015",9.47,0,1,"0",0.362181818182,0,0,0,0,0,0,0,0,0.00584795321637427
"238","Córdoba","Montelíbano","23466","2015",186.65,20,10,"0",0,0.9365625,0,5.837675308144,73.7440823196185,82.7560047412353,32.4716623559185,0,0,0.107263513513514
"239","Córdoba","Puerto Libertador","23580","2015",207.45,0,10,"0",0,6.112379025003,0,36.3062959401029,72.0529764429149,109.567931939035,35.5328484290493,0,0,0.0856164383561644
"240","Córdoba","San José de Uré","23682","2015",97.97,0,4,"0",0,0,0,59.8931711622928,43.334327243129,51.0775389597447,5.97595042943448,0,0,0.09
"241","Córdoba","Tierralta","23807","2015",858.62,46.8,10,"0",854.127624288184,262.480323132224,0,618.990356468723,479.19879216306,324.114408232668,73.4229622075919,0,0,0.177282377919321
"242","Córdoba","Valencia","23855","2015",12.31,37.9,8,"0",12.898355211781,0,0,0,1.22680552934,1.33280895937,10.338740723071,0,0,0.0666666666666667
"243","Meta","El Castillo","50251","2015",0,2,0,"0",0,0,0,0,0,0,0,0,0,0.0816326530612245
"244","Meta","Mapiripán","50325","2015",235.28,48.98,10,"0",0.496358967277,15.9827812084164,0,0,197.917710841625,19.7834391656283,18.09795796874,0,0,0.0454545454545455
"245","Meta","Mesetas","50330","2015",78.5,90.75,9,"0",0,0,0,2.185682252031,72.782836717667,12.9282857433625,1.45951171875,0,0,0.066747572815534
"246","Meta","La Macarena","50350","2015",1333.11,320,10,"0",0,0,0,576.071300871504,1055.2827862675,183.718673114696,73.4752261213197,0,0,0.0577889447236181
"247","Meta","Uribe","50370","2015",162.77,180.5,10,"0",0,0,0,21.2408714101914,132.41950289049,18.7116011515057,9.573470898654,0,0,0.0431034482758621
"248","Antioquia","Anorí","05040","2015",256.05,39.5,10,"0",0,0,10.2534769075098,2.295,214.361681717056,63.0055825029784,30.5211590347972,0,0,0.149305555555556
"249","Meta","Lejanías","50400","2015",0,13,1,"0",0,0,0,0,0,0,0,0,0,0.0984848484848485
"250","Meta","Puerto Concordia","50450","2015",50.25,66.24,10,"0",0,0,0,26.290970966499,54.184182664721,3.044761329972,0,0,0,0.0771028037383178
"251","Meta","Puerto Gaitán","50568","2015",0,0,9,"0",0,0,0,0,0,0,0,0,0,0.0952380952380952
"252","Meta","Puerto López","50573","2015",0,0,0,"0",0,0,0,0,0,0,0,0,0,0.126520681265207
"253","Meta","Puerto Lleras","50577","2015",13.35,43.4,10,"0",0,0,0,0,4.0766220226205,0.580588235294,10.49205882353,0,0,0.164772727272727
"254","Meta","Puerto Rico","50590","2015",1619.74,120.91,10,"0",0,0,0,1427.56278754259,1562.69779641592,114.279845896455,3.60250569559,0,0,0.066588785046729
"255","Meta","San Juan de Arama","50683","2015",155.83,11,10,"0",0,0,0,98.2625571278541,147.525961699048,11.3917059385911,0,0,0,0.143867924528302
"256","Meta","San Martín","50689","2015",0,0,3,"0",0,0,0,0,0,0,0,0,0,0.142276422764228
"257","Meta","Vistahermosa","50711","2015",1353.19,127.8,10,"0",0,0,0,684.362595509371,1232.16407008771,159.654521619632,26.6112910411837,0,0,0.0819672131147541
"258","Antioquia","Briceño","05107","2015",91.45,138.203,10,"0",0,0,0,0,37.6738017523191,48.038464882342,8.896011857229,0,0,0.0989583333333333
"259","Antioquia","Cáceres","05120","2015",420.12,0,10,"0",0,0,0,0,439.146105560566,32.5013169147982,2.44739583333,0,0,0.116666666666667
"260","Antioquia","Caucasia","05154","2015",0,0,3,"0",0,0,0,0,0,0,0,0,0,0.133903133903134
"261","Antioquia","El Bragre","05250","2015",85.34,109.175,10,"0",81.7541577649041,0,0,0,26.065520243786,46.7610326323188,17.8598458869793,0,0,0.0761758691206544
"262","Nariño","Tumaco","52835","2015",16960.24,1120.075,10,"0",7235.05938672092,5138.46676436489,6658.8033034643,3.462166959427,16809.5216749183,333.69260509232,7.021517382243,0,0,0.101848495831823
"263","Antioquia","Ituango","05361","2015",41.37,123.22,10,"0",0,2.232772047009,0,53.1492086623412,252.024535820372,37.3396712333953,4.5163125,0,0,0.1575
"264","Norte de Santander","Convención","54206","2015",855.88,1.5,10,"0",768.984060026647,30.827151774432,0,105.737189866068,816.106558546631,90.808097740053,2.17247282609,0,0,0.073051948051948
"265","Norte de Santander","El Cármen","54245","2015",568.84,9.5,10,"0",603.552305182055,10.562412853413,0,107.619965521764,483.590351284677,127.111352973458,39.9780350497776,0,0,0.0487012987012987
"266","Norte de Santander","El Tarra","54250","2015",2074.54,58,10,"0",2147.08784187606,3.289689372144,0,3.289689372144,2053.25839481505,326.457115615233,0,0,0,0.104166666666667
"267","Norte de Santander","Hacarí","54344","2015",152.46,0,7,"0",0,0,0,0,123.726609155915,43.71779897784,10.111712344976,0,0,0.07
"268","Norte de Santander","Ocaña","54498","2015",6.97,42.52,3,"0",0,0,0,0,3.103437153173,2.175669642856,1.908981206613,0,0,0.119910037878788
"269","Norte de Santander","San Calixto","54670","2015",736.53,1,9,"0",317.405442640087,0,0,0,562.85272537421,122.343904693117,0.696783088235,0,0,0.0405405405405405
"270","Norte de Santander","Sardinata","54720","2015",865.94,19.1,10,"0",0,0,0,0,822.113887659135,118.484614234493,0,0,0,0.0907894736842105
"271","Norte de Santander","Teorama","54800","2015",1770.15,12,10,"0",1582.63091643368,65.742487962481,0,148.853628833766,1763.68964217507,245.171833228887,0,0,0,0.084070796460177
"272","Norte de Santander","Tibú","54810","2015",4379.08,32.9,10,"0",0,0,0,39.8795332654882,4195.13619137971,338.440113347974,4.61072690217,0,0,0.0450870646766169
"273","Antioquia","Nechí","05495","2015",128.35,315.153,10,"0",86.233885438125,0,0,0,90.3146005428346,52.149671208011,1.741045673077,0,0,0.025
"274","Antioquia","Tarazá","05790","2015",884.61,185.28,10,"0",0,7.49490683823,0,0,632.520988812634,84.9687468209571,0,0,0,0.105839416058394
"275","Antioquia","Valdivia","05854","2015",189.59,80.131,10,"0",0,0,0,0.374625,202.582991948853,5.8348049568756,0.3954375,0,0,0.11938202247191
"276","Antioquia","Zaragoza","05895","2015",66.82,8,10,"0",20.667898845535,0.742484526926,4.104215408828,0,30.1942524440327,31.053691983656,27.5529093403054,0,0,0.171985815602837
"277","Cauca","Buenos Aires","19110","2016",2.2,0,5,"0",0,0,0,0,4.05,0,0,0,0,0.110824742268041
"278","Cauca","Caloto","19142","2016",26.26,8.95,2,"0",0,2.24,0,0,25.9,0,0,0,0,0.0878676470588235
"279","Cauca","Corinto","19212","2016",38.91,10.15,2,"0",12.71,2.8,0,0,47.17,0,0,0,0,0.114265927977839
"280","Cauca","Jambaló","19364","2016",0,0,0,"0",0,0,0,0,0,0,0,0,0,0.142857142857143
"281","Cauca","Miranda","19455","2016",5.98,3.743,2,"0",3.7,0,0,0,10.82,0,0,0,0,0.105524079320113
"282","Cauca","Suárez","19780","2016",170.45,8,8,"0",0,0,0,0,184.57,7.15,0,0,0,0.151595744680851
"283","Cauca","Toribío","19821","2016",14.85,0.5,2,"0",0,0,0,0,16.36,0,0,0,0,0
"284","Córdoba","Montelíbano","23466","2016",573.86,41.17,10,"0",0,1.96,0,22.34,416.31,144.49,26.21,0,0,0.109038142620232
"285","Córdoba","Puerto Libertador","23580","2016",570.62,30.52,10,"0",0,4.63,0,49.06,512.87,87.91,14.88,0,0,0.0846456692913386
"286","Córdoba","San José de Uré","23682","2016",231.94,0,5,"0",0,0,0,100.07,186.65,62.13,0.19,0,0,0.14
"287","Córdoba","Tierralta","23807","2016",1290.07,25.97,10,"0",1284.18,322.47,0,1037.5,981.57,345.76,10.94,0,0,0.131827731092437
"288","Córdoba","Valencia","23855","2016",1.8,9,8,"0",5.7,0,0,0,4.97,0.73,0,0,0,0.216666666666667
"289","Meta","El Castillo","50251","2016",0,0,0,"0",0,0,0,0,0,0,0,0,0,0.137755102040816
"290","Meta","Mapiripán","50325","2016",338.43,115.015,10,"0",0,16.94,0,0,280.82,25.62,31.99,0,0,0.0471014492753623
"291","Meta","Mesetas","50330","2016",104.19,171.963,9,"0",0,0,0,0,94.04,8.69,2.99,0,0,0.0320945945945946
"292","Meta","La Macarena","50350","2016",1635.22,843.71375,10,"0",0,0,0,627.56,1339.85,233.51,32.3,0,0,0.0707070707070707
"293","Meta","Uribe","50370","2016",202.29,197.6,10,"0",0,0,0,16.13,159.26,27.45,16.3,0,0,0.03125
"294","Antioquia","Anorí","05040","2016",661.7,35.13,10,"0",0,0,31.15,7.33,719.8,114.37,14.54,0,0,0.1875
"295","Meta","Lejanías","50400","2016",0,112.25,1,"0",0,0,0,0,0,0,0,0,0,0.14018691588785
"296","Meta","Puerto Concordia","50450","2016",63.87,42.593,10,"0",0,0,0,25.14,60.84,10.03,0.56,0,0,0.0878378378378378
"297","Meta","Puerto Gaitán","50568","2016",0,0,8,"0",0,0,0,0,0,0,0,0,0,0.0712979890310786
"298","Meta","Puerto López","50573","2016",0,3,0,"0",0,0,0,0,0,0,0,0,0,0.122727272727273
"299","Meta","Puerto Lleras","50577","2016",27.39,16.07,10,"0",0,0,0,0,22.04,3.06,8.42,0,0,0.315934065934066
"300","Meta","Puerto Rico","50590","2016",1592.76,629.087,10,"0",0,0,0,1392.05,1592.19,37.83,20.78,0,0,0.0420454545454545
"301","Meta","San Juan de Arama","50683","2016",48.4,403.299,10,"0",0,0,0,23.8,38.85,10.32,0,0,0,0.025462962962963
"302","Meta","San Martín","50689","2016",0,0.70525,2,"0",0,0,0,0,0,0,0,0,0,0.146739130434783
"303","Meta","Vistahermosa","50711","2016",1451.32,370.47,10,"0",0,0,0,766.51,1457.76,54.72,3.62,0,0,0.0405604719764012
"304","Antioquia","Briceño","05107","2016",736.94,87.6,10,"0",0,0,0,0,681.15,72.78,3.25,0,0,0.0754716981132075
"305","Antioquia","Cáceres","05120","2016",1131.27,0,10,"0",0,0,0,0,1199.45,131.14,4.06,0,0,0.152097902097902
"306","Antioquia","Caucasia","05154","2016",5.89,5,3,"0",0,0,0,0,0,0,0,0,0,0.12945914844649
"307","Antioquia","El Bragre","05250","2016",446.31,84.351,10,"0",416.02,0.23,1.51,0,243.44,177.71,46.08,0,0,0.109186746987952
"308","Nariño","Tumaco","52835","2016",23147.95,1472.992,10,"0",9157.91,6371.92,9198.8,5.25,23147.85,270.65,3.92,0,0,0.100957779515246
"309","Antioquia","Ituango","05361","2016",305.23,99.41,10,"0",0,5.34,0,92.98,545.46,154.08,27.25,0,0,0.170245398773006
"310","Norte de Santander","Convención","54206","2016",890.62,1.5,10,"0",747.76,62.21,0,225.32,859.8,94.32,0,0,0,0.047979797979798
"311","Norte de Santander","El Cármen","54245","2016",664.27,0.75,10,"0",695.56,39.11,0,145.57,616.46,145.42,15.62,0,0,0.0326086956521739
"312","Norte de Santander","El Tarra","54250","2016",3682.7,4,10,"0",3353.92,28.23,0,28.23,3796.88,252.19,1.16,0,0,0.0938967136150235
"313","Norte de Santander","Hacarí","54344","2016",214.94,7.42,7,"0",0,0,0,0,183.68,58.62,0,0,0,0.0510204081632653
"314","Norte de Santander","Ocaña","54498","2016",9.04,39.5,4,"0",0,0,0,0,10.32,0.08,0,0,0,0.12696335078534
"315","Norte de Santander","San Calixto","54670","2016",445.04,4.95,9,"0",144.18,0,0,0,394.38,25.84,0,0,0,0.0192307692307692
"316","Norte de Santander","Sardinata","54720","2016",3847.36,10.75,10,"0",0,0,0,0,3222.58,809.17,3.48,0,0,0.066
"317","Norte de Santander","Teorama","54800","2016",1856.7,4.54,10,"0",1733.88,79.41,0,206.32,2124.57,70.07,5.06,0,0,0.0121359223300971
"318","Norte de Santander","Tibú","54810","2016",12787.38,12.75,10,"0",0,0,0,88.57,12184.39,1133.48,22.18,0,0,0.0465393794749403
"319","Antioquia","Nechí","05495","2016",360.85,11.244,10,"0",219.09,0,0,0,317.26,84.42,0.49,0,0,0.0851063829787234
"320","Antioquia","Tarazá","05790","2016",2797.31,6.1,10,"0",0,11.9,0,0,2389.19,318.26,5.82,0,0,0.117990654205607
"321","Antioquia","Valdivia","05854","2016",1620.8,34.68,10,"0",0,0,0,1.69,1328.32,436.99,29.33,0,0,0.0752212389380531
"322","Antioquia","Zaragoza","05895","2016",160.9,18.997,10,"0",73.85,0,30.39,0,130.25,78.29,3.28,0,0,0.142276422764228
"323","Cauca","Buenos Aires","19110","2017",64.54,0,6,"0",0,0,0,0,6.60306705484,1.718369790024,60.509048826397,58743.8399402142,0,0.171052631578947
"324","Cauca","Caloto","19142","2017",0,2.8,2,"0",0,0,0,0,0,0,0,206828.229449354,0,0.147359454855196
"325","Cauca","Corinto","19212","2017",0,2.4,2,"0",0,0,0,0,0,0,0,16927.378755181,0,0.189591078066914
"326","Cauca","Jambaló","19364","2017",0,0,0,"0",0,0,0,0,0,0,0,39390.3692649336,0,0.0652173913043478
"327","Cauca","Miranda","19455","2017",0,0,2,"0",0,0,0,0,0,0,0,111555.26414905,0,0.18348623853211
"328","Cauca","Suárez","19780","2017",267.19,1.33,8,"0",0,0,0,0,303.11267184162,5.882024705849,0,41915.4568555203,0,0.160958904109589
"329","Cauca","Toribío","19821","2017",0,0.5,2,"0",0,0,0,0,0,0,0,31632.9744858055,0,0.03515625
"330","Córdoba","Montelíbano","23466","2017",1181.13,116.604,10,"0",0,8.4527542009392,0,72.5902091885414,1053.90611088541,241.976257179506,0.0043068000013,90942.1763935639,0,0.136826783114993
"331","Córdoba","Puerto Libertador","23580","2017",1412.22,40.934,10,"0",0,5.936659359277,0,91.2821170553715,1247.2552014138,235.79030627203,12.6550667858116,50519.3726798219,0,0.0852941176470588
"332","Córdoba","San José de Uré","23682","2017",552.7,0,6,"0",0,0,0,155.478006144169,437.923467417702,132.11612664712,8.53117934923,55826.3237331289,0,0.153846153846154
"333","Córdoba","Tierralta","23807","2017",1629.68,135.486,10,"0",1532.2903224244,311.5202146698,0,1187.94189108197,1464.44121356962,181.064510193694,8.957275657061,6483.73090323701,0,0.172025723472669
"334","Córdoba","Valencia","23855","2017",4.71,48.95,9,"0",5.626398254541,0,0,0,5.626398254541,0,0,4745.5140031696,0,0.2
"335","Meta","El Castillo","50251","2017",0,20.5,0,"0",0,0,0,0,0,0,0,50642.8377466481,0,0.0635593220338983
"336","Meta","Mapiripán","50325","2017",315.66,20.2,10,"0",0.484221037002,18.873405314134,0,0,266.937330911314,17.1012995216843,32.183792099973,20000.9669114275,0,0.00549450549450549
"337","Meta","Mesetas","50330","2017",86.72,203.853,9,"0",0,0,0,1.60781994404,77.047922658223,6.0364908817498,5.907502027899,80523.4070221025,0,0.0522598870056497
"338","Meta","La Macarena","50350","2017",1647.55,1466.1,10,"0",0,3.84519375,0,681.756618423205,1499.81204212047,131.549992314411,23.7404580169801,35025.6539656468,0,0.0757211538461538
"339","Meta","Uribe","50370","2017",108.77,249.254,10,"259",0,0,0,15.9509538822188,73.823460234161,8.1256466349841,26.894778655785,154469.185810829,0,0.0480769230769231
"340","Antioquia","Anorí","05040","2017",1312.28,11,10,"0",0,0,57.974608285413,0.2025,1427.22880648494,218.31788639986,11.5175611352131,62315.1793201828,0,0.0854700854700855
"341","Meta","Lejanías","50400","2017",0,18.85,1,"0",0,0,0,0,0,0,0,24730.9080620464,0,0.0980392156862745
"342","Meta","Puerto Concordia","50450","2017",77.84,614.9,10,"10",0,0,0,24.6075303296567,79.9244500612247,3.7510023061818,2.550745738636,79229.0314185293,0,0.061046511627907
"343","Meta","Puerto Gaitán","50568","2017",0,0,7,"0",0,0,0,0,0,0,0,399688.908138747,0,0.0710659898477157
"344","Meta","Puerto López","50573","2017",0,0,0,"0",0,0,0,0,0,0,0,183609.260259971,0,0.0833333333333333
"345","Meta","Puerto Lleras","50577","2017",24.15,92.748,10,"0",0,0,0,0,26.345285987979,3.2038663972267,1.979322916667,30318.6900806733,0,0.176470588235294
"346","Meta","Puerto Rico","50590","2017",1773.19,1063.932,10,"0",0,0,0,1529.28301899685,1692.59500957581,138.04816204548,0,58217.1534593133,0,0.0605590062111801
"347","Meta","San Juan de Arama","50683","2017",70.28,213.739,10,"0",0,0,0,38.7518384961625,37.45394142086,30.6459999957851,2.84493708315,106241.531966938,0,0.095959595959596
"348","Meta","San Martín","50689","2017",0,0,1,"0",0,0,0,0,0,0,0,181381.730162411,0,0.115691489361702
"349","Meta","Vistahermosa","50711","2017",1473.05,2453.765,10,"0",0,0,0,904.176823053854,1367.681901525,150.14581746863,29.70879455,83882.2525509897,0,0.0805882352941176
"350","Antioquia","Briceño","05107","2017",414.9,75.5,10,"310",0,0,0,1.14964638158,409.542073644903,37.7408335757462,3.749959278456,46553.4644472016,0,0.12202380952381
"351","Antioquia","Cáceres","05120","2017",1943.61,115.816,10,"0",0,0.631004464286,0,0,1940.72152466513,275.425613421692,19.308261152616,11380.8186114281,0,0.11625
"352","Antioquia","Caucasia","05154","2017",0,4,2,"0",0,0,0,0,0,0,0,18543.9279975336,0,0.180074257425743
"353","Antioquia","El Bragre","05250","2017",595.17,153.8159,10,"0",534.448658079714,0.455015910937,6.00887153632,0,556.288905775909,68.3715678964044,5.11390858472,23108.2828009709,0,0.130434782608696
"354","Nariño","Tumaco","52835","2017",19516.93,15678.3094,10,"331",8715.43779143996,6109.78992742127,6534.45426377343,6.886201472903,19965.4918611905,105.215894772464,29.856411737622,514.475121318117,0,0.135162601626016
"355","Antioquia","Ituango","05361","2017",865.56,68.7,10,"0",0,1.621471875,0,48.0134963617157,764.449970624497,141.603163115429,10.3272684257154,52581.0749275205,0,0.111872146118721
"356","Norte de Santander","Convención","54206","2017",1315.66,240.727,10,"0",1218.94042295773,71.620265931327,0,269.271663299337,1356.64135511614,113.584710918782,0,144355.647552374,0,0.0294117647058824
"357","Norte de Santander","El Cármen","54245","2017",758.44,29.2,10,"0",748.118040319992,25.563377964496,0,144.520313804307,731.69599300541,88.6316716501616,8.37563542983,188566.156316797,0,0.0491803278688525
"358","Norte de Santander","El Tarra","54250","2017",4300.6,34.841,10,"0",3963.81661918367,16.66588456259,0,16.66588456259,4449.19428547677,183.679183134483,0,58813.4740616864,0,0.153061224489796
"359","Norte de Santander","Hacarí","54344","2017",386.77,32.8,8,"0",0,0,0,0,332.884356544711,101.420251268104,0,13586.9808023257,0,0
"360","Norte de Santander","Ocaña","54498","2017",10.62,31.15,5,"0",0,0,0,0,6.780116017005,0.401882624996,4.317107142859,59438.6739003196,0,0.141059027777778
"361","Norte de Santander","San Calixto","54670","2017",640.32,24.2,9,"0",311.122685267038,0,0,0,692.655458936627,82.2089828042796,0,39898.8415818583,0,0
"362","Norte de Santander","Sardinata","54720","2017",4112.41,514.217,10,"0",0,0,0,0,4229.23077228537,171.689961472121,0,23120.8074299752,0,0.0566666666666667
"363","Norte de Santander","Teorama","54800","2017",2479.63,58.691,10,"0",2286.63507680947,105.092827973569,0,225.832622094084,2761.77349436817,118.881639800567,0,121005.967490689,0,0.0241477272727273
"364","Norte de Santander","Tibú","54810","2017",13685.69,163.556,10,"140",0,0,0,104.477560468259,14022.7203956978,333.40411945067,4.7352089370937,142483.962367882,0,0.0977951635846373
"365","Antioquia","Nechí","05495","2017",551.52,90.915,10,"0",300.866663171456,0,0,0,585.619620030214,33.1252193899688,0,0,0,0.122641509433962
"366","Antioquia","Tarazá","05790","2017",3803.68,5320.6383,10,"146",0,21.006764256286,0,0,4083.34087839829,342.900797270067,0,3244.06359839482,0,0.116731517509728
"367","Antioquia","Valdivia","05854","2017",2899.35,164.209,10,"0",0,0,0,1.998984356264,3005.56011157772,195.992709236657,0,8086.84396191961,0,0.198275862068966
"368","Antioquia","Zaragoza","05895","2017",346.92,20.861,10,"0",144.003754917227,5.81793604616,39.357504212708,0,270.314839992578,100.017730063002,28.3384654122485,37923.3871701271,0,0.09
"369","Cauca","Buenos Aires","19110","2018",125.74,0,6,"0",0,0,0,0,91.465871018072,18.765808021931,0,58743.8399402142,2,0.121052631578947
"370","Cauca","Caloto","19142","2018",1.6,3.2499,3,"0",0,0.081861299766,0,0,0,0,0,206828.229449354,0,0.177647058823529
"371","Cauca","Corinto","19212","2018",10.54,9.4396,3,"0",4.313164544763,0.555570009664,0,0,0,0,0,16927.378755181,0,0.291469194312796
"372","Cauca","Jambaló","19364","2018",0,0,0,"0",0,0,0,0,0,0,0,39390.3692649336,0,0.333333333333333
"373","Cauca","Miranda","19455","2018",2.27,80.4311,3,"99",0.639509447658,0,0,0,0,0,0,111555.26414905,3,0.208133971291866
"374","Cauca","Suárez","19780","2018",383.53,1.9903,8,"0",0,0,0,0,348.514333257489,28.125542871444,5.94349225785,41915.4568555203,0,0.274305555555556
"375","Cauca","Toribío","19821","2018",0,0.3298,2,"0",0,0,0,0,0,0,0,31632.9744858055,0,0.0178571428571429
"376","Córdoba","Montelíbano","23466","2018",974.04,16.9305,10,"391",0,6.07957200353,0,120.64574260962,1058.70418871676,22.2946538432653,0,90942.1763935639,1,0.200479233226837
"377","Córdoba","Puerto Libertador","23580","2018",1013.93,25.128,10,"454",0,6.223238715963,0,55.656046188874,1073.16133419573,11.182608600635,0,50519.3726798219,0,0.138297872340426
"378","Córdoba","San José de Uré","23682","2018",441.7,0,7,"133",0,0,0,125.849160726957,462.599557076592,5.188836343856,0,55826.3237331289,0,0.111842105263158
"379","Córdoba","Tierralta","23807","2018",2201.26,23.9502,10,"0",1961.51384033977,349.412269198479,0,1439.63894843198,2083.82165731093,122.889711515114,3.106107617668,6483.73090323701,3,0.223076923076923
"380","Córdoba","Valencia","23855","2018",5.48,0,9,"0",4.363014286286,0,0,0,4.363014286286,0,0,4745.5140031696,0,0.243055555555556
"381","Meta","El Castillo","50251","2018",0,4.46,0,"0",0,0,0,0,0,0,0,50642.8377466481,0,0.05
"382","Meta","Mapiripán","50325","2018",231.86,231.552,10,"56",0,10.722358786167,0,0,211.063020485124,2.98522332853,8.32939453124,20000.9669114275,0,0.102272727272727
"383","Meta","Mesetas","50330","2018",45.15,10.19,9,"187",0,0,0,0.454541761339,29.6239729829634,12.99375,0,80523.4070221025,8,0.0348837209302326
"384","Meta","La Macarena","50350","2018",560.18,832.0678,10,"892",0,3.86021754636,0,263.360180677352,522.519093864739,4.9895275759,0,35025.6539656468,9,0.0401785714285714
"385","Meta","Uribe","50370","2018",78.44,31.9302,10,"10",0,0,0,8.1442268894114,51.0972729376497,13.154450673936,8.78423077773,154469.185810829,6,0.0507518796992481
"386","Antioquia","Anorí","05040","2018",969.49,117.4992,10,"1381",0,0,77.895375578372,0.447236059099,1252.6470034533,22.706993402326,6.2117418823322,62315.1793201828,5,0.0912408759124088
"387","Meta","Lejanías","50400","2018",0,2,1,"0",0,0,0,0,0,0,0,24730.9080620464,1,0.15625
"388","Meta","Puerto Concordia","50450","2018",35.02,91.182,10,"0",0,0,0,18.4747162181109,42.8089312954594,0,0,79229.0314185293,0,0.0730769230769231
"389","Meta","Puerto Gaitán","50568","2018",0,0,6,"0",0,0,0,0,0,0,0,399688.908138747,0,0.0772058823529412
"390","Meta","Puerto López","50573","2018",0,0,0,"0",0,0,0,0,0,0,0,183609.260259971,0,0.112042682926829
"391","Meta","Puerto Lleras","50577","2018",9.32,49.3011,10,"0",0,0,0,0,11.8896955642921,0,0,30318.6900806733,0,0.212686567164179
"392","Meta","Puerto Rico","50590","2018",1081.9,1832.5742,10,"281",0,0,0,982.131710462602,1137.84420228773,6.811107180212,0,58217.1534593133,2,0.0238095238095238
"393","Meta","San Juan de Arama","50683","2018",46.09,0,10,"0",0,0,0,15.561948051789,40.269873183147,6.781715547219,0,106241.531966938,0,0.211309523809524
"394","Meta","San Martín","50689","2018",0,0,1,"0",0,0,0,0,0,0,0,181381.730162411,0,0.150862068965517
"395","Meta","Vistahermosa","50711","2018",856.63,603.0816,10,"613",0,0,0,689.215332533848,916.420768132271,0.576519511162,0,83882.2525509897,11,0.166666666666667
"396","Antioquia","Briceño","05107","2018",289.04,52.9405,10,"233",0,0,0,1.14216392699,316.267384601462,2.283760711235,0,46553.4644472016,10,0.271276595744681
"397","Antioquia","Cáceres","05120","2018",1826.23,1880.2721,10,"925",0,0.970591855239,0,0,2098.85969699652,21.708403667481,2.04362406034,11380.8186114281,1,0.053
"398","Antioquia","Caucasia","05154","2018",2.25,1.2,2,"0",0,0,0,0,0,0,0,18543.9279975336,0,0.208333333333333
"399","Antioquia","El Bragre","05250","2018",811.02,188.6483,10,"0",726.652428436926,0.489201299525,15.2714938779396,0,800.976169686755,53.816934467056,2.309923809271,23108.2828009709,0,0.203821656050955
"400","Nariño","Tumaco","52835","2018",16046.85,15003.8843,10,"2324",6949.84331372844,5526.86954870699,5673.06286970442,2.661245484478,16376.7400188985,129.986448810209,12.078544931412,514.475121318117,2,0.0873402312842362
"401","Antioquia","Ituango","05361","2018",882.69,1038.6076,10,"0",0,2.5230434141105,0,48.83094097159,890.726506806797,35.7209473489948,0.623713378599,52581.0749275205,8,0.163120567375887
"402","Norte de Santander","Convención","54206","2018",1686.74,201.3689,10,"0",1576.74999809898,121.032908015788,0,337.003976065545,1861.31704052513,44.987194032683,0,144355.647552374,2,0.03
"403","Norte de Santander","El Cármen","54245","2018",702.19,155.9004,10,"0",812.909035944296,27.260298224881,0,194.932708519802,897.145771392731,16.237289198327,0,188566.156316797,0,0.032051282051282
"404","Norte de Santander","El Tarra","54250","2018",4916.63,127.784,10,"0",4553.87914590766,15.5782939555208,0,15.5782939555208,5279.36501830578,16.817826269044,0,58813.4740616864,12,0.0351123595505618
"405","Norte de Santander","Hacarí","54344","2018",402.71,14.6108,9,"0",0,0,0,0,470.73431243449,0.36140939592,0.445111607156,13586.9808023257,0,0
"406","Norte de Santander","Ocaña","54498","2018",42.12,62.3893,6,"0",0,0,0,0,25.774272556034,1.83850446429,0.425758928559,59438.6739003196,1,0.0999670619235837
"407","Norte de Santander","San Calixto","54670","2018",765.34,21.7122,9,"0",371.59562502678,0,0,0,952.861420884053,16.038151955234,0,39898.8415818583,0,0
"408","Norte de Santander","Sardinata","54720","2018",5487.34,310.6493,10,"0",0,0,0,0,5735.18022890195,78.1979790703372,3.68763736665,23120.8074299752,0,0.0483425414364641
"409","Norte de Santander","Teorama","54800","2018",2915.98,253.2003,10,"0",2761.64020862618,141.400653769628,0,301.946317050486,3520.72345817126,23.666962375478,0,121005.967490689,5,0.0175675675675676
"410","Norte de Santander","Tibú","54810","2018",16096.74,290.1231,10,"344",0,0,0,149.885795810768,17587.6340927793,121.085489108691,0,142483.962367882,4,0.0775983146067416
"411","Antioquia","Nechí","05495","2018",708.03,1188.3165,10,"0",371.815300972742,0,0,0,785.529639055707,4.55364788617,0,0,0,0.0833333333333333
"412","Antioquia","Tarazá","05790","2018",3728.41,7158.2503,10,"892",0,14.569546944798,0,0,4325.93853402717,23.422243911267,0,3244.06359839482,1,0.0573065902578797
"413","Antioquia","Valdivia","05854","2018",2623.54,1917.7826,10,"0",0,0,0,2.226917375389,2880.93191635363,8.405468012709,0.976653642851,8086.84396191961,0,0.157766990291262
"414","Antioquia","Zaragoza","05895","2018",471.23,77.1338,10,"0",216.446771795379,11.77025436842,40.158116040068,0,522.4870504887,28.4007886803228,1.559516456518,37923.3871701271,0,0.0970149253731343
